epoch,train_loss,valid_loss,accuracy_multi,time
0,0.23885716497898102,0.2891756594181061,0.8772411942481995,1:42:37
1,0.19989700615406036,0.2655441462993622,0.9017459750175476,1:46:29
2,0.18074099719524384,0.18089672923088074,0.9219093918800354,1:57:583,0.17249444127082825,0.17454425990581512,0.9248327612876892,1:46:364,0.16445694863796234,0.16682246327400208,0.9298704266548157,1:47:42
5,5,0.16039501130580902,0.21109506487846375,0.9214940667152405,1:46:6,06,0.15526121854782104,0.1574995517730713,0.9326822757720947,1:47:77,7,0.15012429654598236,0.17623166739940643,0.9276022911071777,1:46:88,0.14926975965499878,0.15089432895183563,0.9353929162025452,1:46:5299,0.14480341970920563,0.14869284629821777,0.9362590909004211,1:47:0510,0.144723042845726,0.14776723086833954,0.9363170862197876,1:47:18
11,011,0.14296573400497437,0.17177382111549377,0.9293457865715027,1:4812,012,0.14151854813098907,0.15236195921897888,0.9346613883972168,1:4613,013,0.13681355118751526,0.14289338886737823,0.9383320808410645,1:4814,014,0.13710865378379822,0.1445084512233734,0.9376305937767029,1:5015,0.13364818692207336,0.15715566277503967,0.9351056218147278,1:54:37
37
