epoch,train_loss,valid_loss,accuracy_multi,time
0,0.22032204270362854,0.2483048439025879,0.8897500038146973,2:10:4911,0.20435607433319092,0.21220792829990387,0.9068449139595032,1:15:2822,0.189072847366333,0.18425238132476807,0.9203230738639832,1:51:11
33,0.18327949941158295,0.21758447587490082,0.9037547707557678,1:43:54,4,0.17654523253440857,0.18406273424625397,0.920131266117096,1:47:45,5,0.1756841540336609,0.2513696551322937,0.9014379382133484,1:46:1366,0.16845621168613434,0.17217494547367096,0.9251262545585632,1:46:47,0.16603124141693115,0.27863141894340515,0.8859053254127502,1:46:43
8,0.1606658399105072,0.16734318435192108,0.927619218826294,1:46:20
99,0.164139986038208,0.19553424417972565,0.9159343838691711,1:46:39
110,0.16484874486923218,0.17801499366760254,0.9230929613113403,1:46:2811,0.16659674048423767,0.2592546343803406,0.8867335915565491,1:47:01
7:01
