{"epoch": 0.9999999999999976, "train_loss": 0.221415176987648, "raw_loss": 0.1917102038860321, "wd_0": 0.01, "sqr_mom_0": 0.99, "lr_0": 0.001, "mom_0": 0.9, "eps_0": 1e-05, "wd_1": 0.01, "sqr_mom_1": 0.99, "lr_1": 0.001, "mom_1": 0.9, "eps_1": 1e-05, "_runtime": 378, "_timestamp": 1639337308, "_step": 209, "_wandb": {"runtime": 228}}